Customer_ID,Age,Monthly_Spend,Tenure_Months,Churn
C001,22,1200,3,1
C002,35,800,24,0
C003,28,1500,6,1
C004,42,700,36,0
C005,25,1300,5,1
C006,31,900,18,0
C007,45,600,48,0
C008,26,1400,4,1
C009,38,850,30,0
C010,29,1250,8,1
C011,41,750,40,0
C012,24,1600,2,1
C013,33,950,20,0
C014,27,1350,7,1
C015,48,650,52,0
C016,30,1100,12,1
C017,39,820,28,0
C018,23,1450,5,1
C019,44,720,42,0
C020,32,1000,16,0
C021,26,1550,4,1
C022,37,780,32,0
C023,29,1280,9,1
C024,46,680,45,0
C025,34,920,22,0
C026,21,1700,1,1
C027,40,810,27,0
C028,28,1320,6,1
C029,43,730,39,0
C030,36,880,25,0
